[   
    {
        "Date": "2012/07/02",
        "Open": 74.21,
        "High": 74.74,
        "Low": 72.45,
        "Close": 73.18,
        "Volume": 4893337
    },
    {
        "Date": "2012/07/03",
        "Open": 73.08,
        "High": 74.27,
        "Low": 73.08,
        "Close": 74.27,
        "Volume": 2166183
    },
    {
        "Date": "2012/07/05",
        "Open": 74.38,
        "High": 74.74,
        "Low": 73.85,
        "Close": 74.44,
        "Volume": 2539193
    },
    {
        "Date": "2012/07/06",
        "Open": 73.78,
        "High": 73.81,
        "Low": 72.9,
        "Close": 73.69,
        "Volume": 3579766
    },
    {
        "Date": "2012/07/09",
        "Open": 74.27,
        "High": 74.85,
        "Low": 73.8,
        "Close": 74.03,
        "Volume": 4357834
    },
    {
        "Date": "2012/07/10",
        "Open": 74.63,
        "High": 75.05,
        "Low": 72.89,
        "Close": 73.22,
        "Volume": 4756701
    },
    {
        "Date": "2012/07/11",
        "Open": 72.69,
        "High": 72.76,
        "Low": 71.23,
        "Close": 71.52,
        "Volume": 6073803
    },
    {
        "Date": "2012/07/12",
        "Open": 71.2,
        "High": 72.02,
        "Low": 70.85,
        "Close": 71.71,
        "Volume": 5799745
    },
    {
        "Date": "2012/07/13",
        "Open": 71.93,
        "High": 73.56,
        "Low": 71.85,
        "Close": 73.51,
        "Volume": 3616090
    },
    {
        "Date": "2012/07/16",
        "Open": 73.13,
        "High": 73.19,
        "Low": 72.25,
        "Close": 72.97,
        "Volume": 3538397
    },
    {
        "Date": "2012/07/17",
        "Open": 73.25,
        "High": 73.51,
        "Low": 72.04,
        "Close": 73.11,
        "Volume": 2753811
    },
    {
        "Date": "2012/07/18",
        "Open": 72.71,
        "High": 74.44,
        "Low": 72.71,
        "Close": 73.89,
        "Volume": 3756167
    },
    {
        "Date": "2012/07/19",
        "Open": 73.99,
        "High": 75.1,
        "Low": 73.7,
        "Close": 74.86,
        "Volume": 4543120
    },
    {
        "Date": "2012/07/20",
        "Open": 74.5,
        "High": 74.8,
        "Low": 73.61,
        "Close": 73.89,
        "Volume": 3148117
    },
    {
        "Date": "2012/07/23",
        "Open": 72.31,
        "High": 73.08,
        "Low": 71.58,
        "Close": 72.91,
        "Volume": 3433911
    },
    {
        "Date": "2012/07/24",
        "Open": 72.87,
        "High": 73.17,
        "Low": 71.35,
        "Close": 72.03,
        "Volume": 3866628
    },
    {
        "Date": "2012/07/25",
        "Open": 74.2,
        "High": 74.48,
        "Low": 72.7,
        "Close": 74.03,
        "Volume": 6131400
    },
    {
        "Date": "2012/07/26",
        "Open": 75.13,
        "High": 75.96,
        "Low": 74.27,
        "Close": 74.91,
        "Volume": 4949365
    },
    {
        "Date": "2012/07/27",
        "Open": 75.58,
        "High": 75.94,
        "Low": 75.08,
        "Close": 75.51,
        "Volume": 4066995
    },
    {
        "Date": "2012/07/30",
        "Open": 74.6,
        "High": 75.59,
        "Low": 74.43,
        "Close": 74.86,
        "Volume": 4999974
    },
    {
        "Date": "2012/07/31",
        "Open": 74.82,
        "High": 75.06,
        "Low": 73.88,
        "Close": 73.91,
        "Volume": 3978771
    },
    {
        "Date": "2012/08/01",
        "Open": 74.32,
        "High": 74.48,
        "Low": 72.64,
        "Close": 72.77,
        "Volume": 4696302
    },
    {
        "Date": "2012/08/02",
        "Open": 72.39,
        "High": 72.52,
        "Low": 71.16,
        "Close": 71.99,
        "Volume": 4430747
    },
    {
        "Date": "2012/08/03",
        "Open": 73.16,
        "High": 73.33,
        "Low": 72.68,
        "Close": 72.81,
        "Volume": 800947
    },
    {
        "Date": "2012/08/06",
        "Open": 73.01,
        "High": 73.32,
        "Low": 72.72,
        "Close": 72.89,
        "Volume": 714866
    },
    {
        "Date": "2012/08/07",
        "Open": 73.1,
        "High": 74.55,
        "Low": 72.99,
        "Close": 74.46,
        "Volume": 878407
    },
    {
        "Date": "2012/08/08",
        "Open": 74.2,
        "High": 74.68,
        "Low": 74.01,
        "Close": 74.6,
        "Volume": 616663
    },
    {
        "Date": "2012/08/09",
        "Open": 74.61,
        "High": 74.61,
        "Low": 73.91,
        "Close": 74.28,
        "Volume": 452979
    },
    {
        "Date": "2012/08/10",
        "Open": 73.87,
        "High": 74.3,
        "Low": 73.77,
        "Close": 74.21,
        "Volume": 654181
    },
    {
        "Date": "2012/08/13",
        "Open": 73.69,
        "High": 74.42,
        "Low": 73.6,
        "Close": 74.19,
        "Volume": 470842
    },
    {
        "Date": "2012/08/14",
        "Open": 74.3,
        "High": 74.41,
        "Low": 73.61,
        "Close": 73.81,
        "Volume": 490847
    },
    {
        "Date": "2012/08/15",
        "Open": 73.3,
        "High": 73.64,
        "Low": 72.75,
        "Close": 73.07,
        "Volume": 558461
    },
    {
        "Date": "2012/08/16",
        "Open": 73.1,
        "High": 73.75,
        "Low": 73.02,
        "Close": 73.64,
        "Volume": 553793
    },
    {
        "Date": "2012/08/17",
        "Open": 73.64,
        "High": 73.96,
        "Low": 73.41,
        "Close": 73.91,
        "Volume": 1199997
    },
    {
        "Date": "2012/08/20",
        "Open": 73.61,
        "High": 74,
        "Low": 73.34,
        "Close": 73.83,
        "Volume": 2481972
    },
    {
        "Date": "2012/08/21",
        "Open": 74.09,
        "High": 74.36,
        "Low": 73.12,
        "Close": 73.27,
        "Volume": 3136740
    },
    {
        "Date": "2012/08/22",
        "Open": 73.34,
        "High": 73.6,
        "Low": 72.55,
        "Close": 72.8,
        "Volume": 4245048
    },
    {
        "Date": "2012/08/23",
        "Open": 72.09,
        "High": 72.15,
        "Low": 70.02,
        "Close": 70.36,
        "Volume": 9433833
    },
    {
        "Date": "2012/08/24",
        "Open": 70.32,
        "High": 71.17,
        "Low": 70.05,
        "Close": 71.09,
        "Volume": 5351394
    },
    {
        "Date": "2012/08/27",
        "Open": 70.95,
        "High": 71.78,
        "Low": 70.88,
        "Close": 71.38,
        "Volume": 3538075
    },
    {
        "Date": "2012/08/28",
        "Open": 71.18,
        "High": 71.85,
        "Low": 71.05,
        "Close": 71.52,
        "Volume": 3029274
    },
    {
        "Date": "2012/08/29",
        "Open": 71.64,
        "High": 71.99,
        "Low": 71.13,
        "Close": 71.44,
        "Volume": 2687111
    },
    {
        "Date": "2012/08/30",
        "Open": 71.05,
        "High": 71.13,
        "Low": 70.5,
        "Close": 70.82,
        "Volume": 3393096
    },
    {
        "Date": "2012/08/31",
        "Open": 71.27,
        "High": 71.75,
        "Low": 70.61,
        "Close": 71.4,
        "Volume": 3171737
    },
    {
        "Date": "2012/09/04",
        "Open": 70.7,
        "High": 71.5,
        "Low": 70.4,
        "Close": 70.87,
        "Volume": 3916796
    },
    {
        "Date": "2012/09/05",
        "Open": 71.38,
        "High": 72.05,
        "Low": 71.11,
        "Close": 71.92,
        "Volume": 4946887
    },
    {
        "Date": "2012/09/06",
        "Open": 72.37,
        "High": 73.27,
        "Low": 72.37,
        "Close": 72.82,
        "Volume": 4358906
    },
    {
        "Date": "2012/09/07",
        "Open": 72.87,
        "High": 73.03,
        "Low": 72.55,
        "Close": 72.89,
        "Volume": 3080445
    },
    {
        "Date": "2012/09/10",
        "Open": 72.31,
        "High": 72.32,
        "Low": 70.81,
        "Close": 71.08,
        "Volume": 8354695
    },
    {
        "Date": "2012/09/11",
        "Open": 71.19,
        "High": 71.67,
        "Low": 71.15,
        "Close": 71.27,
        "Volume": 3951692
    },
    {
        "Date": "2012/09/12",
        "Open": 71.43,
        "High": 71.68,
        "Low": 70.8,
        "Close": 70.96,
        "Volume": 4400715
    },
    {
        "Date": "2012/09/13",
        "Open": 70.68,
        "High": 71.99,
        "Low": 70.44,
        "Close": 71.58,
        "Volume": 5320329
    },
    {
        "Date": "2012/09/14",
        "Open": 72.02,
        "High": 72.43,
        "Low": 71,
        "Close": 71.28,
        "Volume": 6530818
    },
    {
        "Date": "2012/09/17",
        "Open": 70.77,
        "High": 70.82,
        "Low": 69.89,
        "Close": 69.92,
        "Volume": 6918255
    },
    {
        "Date": "2012/09/18",
        "Open": 69.86,
        "High": 70.46,
        "Low": 69.56,
        "Close": 70.45,
        "Volume": 5490414
    },
    {
        "Date": "2012/09/19",
        "Open": 70.74,
        "High": 70.74,
        "Low": 69.88,
        "Close": 69.9,
        "Volume": 5194477
    },
    {
        "Date": "2012/09/20",
        "Open": 69.35,
        "High": 69.86,
        "Low": 69.03,
        "Close": 69.85,
        "Volume": 4875211
    },
    {
        "Date": "2012/09/21",
        "Open": 70.09,
        "High": 70.15,
        "Low": 69.47,
        "Close": 69.97,
        "Volume": 13164383
    },
    {
        "Date": "2012/09/24",
        "Open": 69.45,
        "High": 70.18,
        "Low": 69.21,
        "Close": 70.03,
        "Volume": 5037975
    },
    {
        "Date": "2012/09/25",
        "Open": 70.29,
        "High": 70.49,
        "Low": 69.38,
        "Close": 69.38,
        "Volume": 4086826
    },
    {
        "Date": "2012/09/26",
        "Open": 69.34,
        "High": 70.51,
        "Low": 69.31,
        "Close": 70.25,
        "Volume": 5256491
    },
    {
        "Date": "2012/09/27",
        "Open": 70.4,
        "High": 70.55,
        "Low": 69.71,
        "Close": 70.1,
        "Volume": 4147748
    },
    {
        "Date": "2012/09/28",
        "Open": 69.75,
        "High": 70.05,
        "Low": 69.18,
        "Close": 69.6,
        "Volume": 4057939
    },
    {
        "Date": "2012/10/01",
        "Open": 69.86,
        "High": 70.66,
        "Low": 69.8,
        "Close": 70.01,
        "Volume": 4012594
    },
    {
        "Date": "2012/10/02",
        "Open": 70.11,
        "High": 70.3,
        "Low": 69.2,
        "Close": 69.53,
        "Volume": 3077829
    },
    {
        "Date": "2012/10/03",
        "Open": 69.9,
        "High": 70,
        "Low": 69.36,
        "Close": 69.86,
        "Volume": 3106358
    },
    {
        "Date": "2012/10/04",
        "Open": 70.24,
        "High": 70.38,
        "Low": 69.72,
        "Close": 69.94,
        "Volume": 2818315
    },
    {
        "Date": "2012/10/05",
        "Open": 70.26,
        "High": 71.25,
        "Low": 70.21,
        "Close": 70.89,
        "Volume": 3741887
    },
    {
        "Date": "2012/10/08",
        "Open": 70.72,
        "High": 71.19,
        "Low": 70.55,
        "Close": 70.57,
        "Volume": 2838886
    },
    {
        "Date": "2012/10/09",
        "Open": 70.7,
        "High": 71.21,
        "Low": 70.36,
        "Close": 70.64,
        "Volume": 4116678
    }
]