﻿[
	{
		"day": "Monday",
		"highTemperature": 28,
		"lowTemperature": 14,
		"image": "shower"
	}, {
		"day": "Tuesday",
		"highTemperature": 35,
		"lowTemperature": 18,
		"image": "sunny"
	}, {
		"day": "Wednesday",
		"highTemperature": 30,
		"lowTemperature": 16,
		"image": "partly-sunny"
	}, {
		"day": "Thursday",
		"highTemperature": 28,
		"lowTemperature": 13,
		"image": "sunny"
	}, {
		"day": "Friday",
		"highTemperature": 22,
		"lowTemperature": 12,
		"image": "cloudy"
	}, {
		"day": "Saturday",
		"highTemperature": 21,
		"lowTemperature": 14,
		"image": "foggy"
	}, {
		"day": "Sunday",
		"highTemperature": 33,
		"lowTemperature": 15,
		"image": "storm"
	}, {
		"day": "Monday",
		"highTemperature": 28,
		"lowTemperature": 14,
		"image": "shower"
	}, {
		"day": "Tuesday",
		"highTemperature": 35,
		"lowTemperature": 18,
		"image": "sunny"
	}, {
		"day": "Wednesday",
		"highTemperature": 30,
		"lowTemperature": 16,
		"image": "partly-sunny"
	}, {
		"day": "Thursday",
		"highTemperature": 28,
		"lowTemperature": 13,
		"image": "sunny"
	}, {
		"day": "Friday",
		"highTemperature": 22,
		"lowTemperature": 12,
		"image": "cloudy"
	}, {
		"day": "Saturday",
		"highTemperature": 21,
		"lowTemperature": 14,
		"image": "foggy"
	}, {
		"day": "Sunday",
		"highTemperature": 33,
		"lowTemperature": 15,
		"image": "storm"
	} 
]